素材id,视频名称,视频链接,投放状态,审核建议,素材评估,关联在投广告数,标签,消耗,展示数,点击数,点击率(%),平均点击单价(元),平均千次展现费用(元),转化数,转化成本,转化率(%),深度转化次数,深度转化成本,深度转化率(%),安卓下载开始数,激活数
	7579518696641593386,方便视频吗+闲伴上有秒回(1).mp4,https://video-cn.oceanengine.com/881d852a667e831926e3ef6c036d28db/69422098/tos-cn-ve-51/owUTeAGXcfiBkLbVSmIlgAaGAgyfCQKRUj87IA?a=1402&ch=0&cr=0&dr=3&cd=0%7C0%7C0%7C0&br=1342&bt=1342&cs=0&ds=3&ft=J9ThAGkHH_Myq8Z03l39e2NvjTQ&mime_type=video_mp4&qs=0&rc=NXZpTGRTaFBnKWxncmd5aHFsc3IxZGY1aTc8ODY3aDs2OTZlZWhoQGlqNW9zeTlyN3c3MzM0NjMzQFNsa3ZpcUQ6amtqXmJmK2BeaWpgYTojLjNhM18tLjUtMTRhY19iX2EjMC0tMTJka2xrYS0tZDBhc3M%3D&btag=80000e00018000&dy_q=1765768569&feature_id=b1cb202f98cf51d95e455ae01e100ce9&l=202512151116085EB0C664C72D0680A7EE&ply_type=3&policy=eyJ2bSI6MywidWlkIjoiMzk1Nzg3Mjc3NDYxMjA3MSJ9,投放中,审核通过,首发,3,--,279.9,3785,113,2.99,2.48,73.95,5,55.98,4.42,0,0,0,20,30
	7579586797959692331,闲伴本地群.mp4,https://video-cn.oceanengine.com/55c7410b94832570bd4225652c3ec81a/69422091/tos-cn-ve-51/oQs1ICFAxeNX0Th6AQDAEoMnN7pg6BADIBECf2?a=1402&ch=0&cr=0&dr=3&cd=0%7C0%7C0%7C0&cv=1&br=2925&bt=2925&cs=0&ds=3&ft=J9ThAGkHH_Myq8Z03l39e2NvjTQ&mime_type=video_mp4&qs=0&rc=NXZpTGRTaFBnKWxncmd5aHFsc3IxZGY3NTY8Omk2PDRnZjs6Zjo4QGkzbWV5bTlyODQ3MzM0NjMzQFNsa3ZpcUQ6amtqXmJmK2BeaWpgYTojLTZeYDIzMF82MV5eYzVeY2EjLl5kcjJkc2hsYS0tZDBhc3M%3D&btag=80000e00010000&dy_q=1765768569&feature_id=59cb2766d89ae6284516c6a254e9fb61&l=202512151116085EB0C664C72D0680A7EE&ply_type=3&policy=eyJ2bSI6MywidWlkIjoiMzk1Nzg3Mjc3NDYxMjA3MSJ9,未投放,审核通过,首发,0,--,4920.3,81546,3065,3.76,1.61,60.34,177,27.8,5.77,0,0,0,334,665
	7579883308731383827,车景+生活压得人喘不过气.mp4,https://video-cn.oceanengine.com/0e4e5718324a340f9c06b5ba53288a9f/6942208d/tos-cn-ve-51/osXibkm4SQGLGyBtUCYFCxfEIDDgiyAYBAfecH?a=1402&ch=0&cr=0&dr=3&cd=0%7C0%7C0%7C0&br=2342&bt=2342&cs=0&ds=3&ft=J9ThAGkHH_Myq8Z03l39e2NvjTQ&mime_type=video_mp4&qs=0&rc=NXZpTGRTaFBnKWxncmd5aHFsc3IxZGY4ZTxoN2RoOWQzPDo2N2Q0QGlqZTlqcDlyamw3MzM0NjMzQFNsa3ZpcUQ6amtqXmJmK2BeaWpgYTojY2AyLzFhM14tMWJjLjIyMmEjbWxwbDJkY2NsYS0tZDAwc3M%3D&btag=80000e00010000&dy_q=1765768569&feature_id=b1cb202f98cf51d95e455ae01e100ce9&l=202512151116085EB0C664C72D0680A7EE&ply_type=3&policy=eyJ2bSI6MywidWlkIjoiMzk1Nzg3Mjc3NDYxMjA3MSJ9,投放中,审核通过,--,2,--,5.66,78,1,1.28,5.66,72.56,0,0,0,0,0,0,0,1
	7579930905497370678,视频接听哄睡.mp4,https://video-cn.oceanengine.com/1b55dac3b7ca42e7d51ac30498371e57/6942208c/tos-cn-ve-51/8c45dd4b39784561b3b4a5e588940de9?a=1402&ch=0&cr=0&dr=3&cd=0%7C0%7C0%7C0&br=1130&bt=1130&cs=0&ds=3&ft=J9ThAGkHH_Myq8Z03l39e2NvjTQ&mime_type=video_mp4&qs=0&rc=NXZpTGRTaFBnKWxncmd5aHFsc3IxZGY3O2ZkZjw4NjM1Ojc8PDw3QGkzMzk8OGtvNG83MzM0NjMzQFNsa3ZpcUQ6amtqXmJmK2BeaWpgYTojYDViYy1hYDUtMWEyYTMtNGEjaDFzcXFnZjNsYS0tZDAwc3M%3D&btag=80000e00010000&dy_q=1765768569&feature_id=b1cb202f98cf51d95e455ae01e100ce9&l=202512151116085EB0C664C72D0680A7EE&ply_type=3&policy=eyJ2bSI6MywidWlkIjoiMzk1Nzg3Mjc3NDYxMjA3MSJ9,未投放,审核通过,--,0,--,17.07,189,10,5.29,1.71,90.32,1,17.07,10,0,0,0,0,2
	7579942633050947590,你可以骗我的钱也可以骗感情+美女运镜(1).mp4,https://video-cn.oceanengine.com/f717d99606739f97b4b8c0bcc76d7193/69422095/tos-cn-ve-51/988dad767cef40299d1fba6568b9d829?a=1402&ch=0&cr=0&dr=3&cd=0%7C0%7C0%7C0&br=840&bt=840&cs=0&ds=3&ft=J9ThAGkHH_Myq8Z03l39e2NvjTQ&mime_type=video_mp4&qs=0&rc=NXZpTGRTaFBnKWxncmd5aHFsc3IxZGZmPDdnOGc1PDlnNjk6N2k8QGkzPHN2NGtvZm83MzM0NjMzQFNsa3ZpcUQ6amtqXmJmK2BeaWpgYTojNmIzYjY1MTY1MWE0MWMtL2EjaTQ0b3FnL29sYS0tZDAvc3M%3D&btag=80000e00010000&dy_q=1765768569&feature_id=b1cb202f98cf51d95e455ae01e100ce9&l=202512151116085EB0C664C72D0680A7EE&ply_type=3&policy=eyJ2bSI6MywidWlkIjoiMzk1Nzg3Mjc3NDYxMjA3MSJ9,投放中,审核通过,--,1,--,66.39,734,32,4.36,2.07,90.45,1,66.39,3.13,0,0,0,6,6
	7579942640671506474,你可以骗我的钱也可以骗感情+美女运镜.mp4,https://video-cn.oceanengine.com/7d1ed97644a207324c783aa42367ec08/69422095/tos-cn-ve-51/o8cmhIYE4Ig7KAkWQsKZAVQd39ePD0gBbKxmCx?a=1402&ch=0&cr=0&dr=3&cd=0%7C0%7C0%7C0&br=999&bt=999&cs=0&ds=3&ft=J9ThAGkHH_Myq8Z03l39e2NvjTQ&mime_type=video_mp4&qs=0&rc=NXZpTGRTaFBnKWxncmd5aHFsc3IxZGZlNTNoNTY7OWc2NzVmNTpkQGlqcDY2OGtvZm83MzM0NjMzQFNsa3ZpcUQ6amtqXmJmK2BeaWpgYTojYDFjMmIzLTUtMWBeXi9jYGEjbGJtY3FnL29sYS0tZDAwc3M%3D&btag=80000e00010000&dy_q=1765768569&feature_id=b1cb202f98cf51d95e455ae01e100ce9&l=202512151116085EB0C664C72D0680A7EE&ply_type=3&policy=eyJ2bSI6MywidWlkIjoiMzk1Nzg3Mjc3NDYxMjA3MSJ9,投放中,审核通过,--,1,--,367.77,5313,122,2.3,3.01,69.22,16,22.99,13.11,0,0,0,30,40
	7579966288553164819,12月4日 (1)(3).mp4,https://video-cn.oceanengine.com/1a824e677b8d43418561429534b26d41/6942208c/tos-cn-ve-51/o83xxZgMVAQ8hME7gxNpO2BecZAC6DecTXKI4W?a=1402&ch=0&cr=0&dr=3&cd=0%7C1%7C0%7C0&cv=1&br=2336&bt=2336&cs=0&ds=3&ft=J9ThAGkHH_Myq8Z03l39e2NvjTQ&mime_type=video_mp4&qs=0&rc=NXZpTGRTaFBnKWxncmd5aHFsc3IxZGY4Nmc5ZzM1NmloNjtnOGg1QGlqOXFmOGtvZnE3MzM0NjMzQFNsa3ZpcUQ6amtqXmJmK2BeaWpgYTojYS9gNmJjYl4tMTAyLzYyXmEjY2JxZnFnXjNsYS0tZDAvc3M%3D&btag=80000e00010000&dy_q=1765768569&feature_id=b1cb202f98cf51d95e455ae01e100ce9&l=202512151116085EB0C664C72D0680A7EE&ply_type=3&policy=eyJ2bSI6MywidWlkIjoiMzk1Nzg3Mjc3NDYxMjA3MSJ9,未投放,审核通过,"首发,低效",0,--,0.15,7,0,0,0,21.43,0,0,0,0,0,0,0,0
	7579966354691178515,12月4日 (1)(4).mp4,https://video-cn.oceanengine.com/91773be4c2a462081980827fa457ffc0/6942208e/tos-cn-ve-51/oAm4uF3kscbQE29Q037ACcLqJmMmAYBmxIgCeW?a=1402&ch=0&cr=0&dr=3&cd=0%7C1%7C0%7C0&cv=1&br=2166&bt=2166&cs=0&ds=3&ft=J9ThAGkHH_Myq8Z03l39e2NvjTQ&mime_type=video_mp4&qs=0&rc=NXZpTGRTaFBnKWxncmd5aHFsc3IxZGY8M2VnZTg5ZTg3aGVpaWVkQGkzdTxpOWtvZnE3MzM0NjMzQFNsa3ZpcUQ6amtqXmJmK2BeaWpgYTojMTU2NV9eNV4zMTQzYmIuNmEja2FkL3FnXjNsYS0tZDBhc3M%3D&btag=80000e00010000&dy_q=1765768569&feature_id=b1cb202f98cf51d95e455ae01e100ce9&l=202512151116085EB0C664C72D0680A7EE&ply_type=3&policy=eyJ2bSI6MywidWlkIjoiMzk1Nzg3Mjc3NDYxMjA3MSJ9,未投放,审核通过,"首发,低效",0,--,0.03,5,0,0,0,6,0,0,0,0,0,0,0,0
	7580313389403897919,今天明天每分每秒.mp4,https://video-cn.oceanengine.com/787c017d20d9da8c3532eea5b0895fd5/69422085/tos-cn-ve-51/oUgIQ1ehIzfGasZChy4GeBwb3NALQyVABuxSE2?a=1402&ch=0&cr=0&dr=3&cd=0%7C0%7C0%7C0&br=1186&bt=1186&cs=0&ds=3&ft=J9ThAGkHH_Myq8Z03l39e2NvjTQ&mime_type=video_mp4&qs=0&rc=NXZpTGRTaFBnKWxncmd5aHFsc3IxZGZnaTk7NzdmO2g4aGg5ZzNmQGkzNDR4eTlyc2Q3MzM0NjMzQFNsa3ZpcUQ6amtqXmJmK2BeaWpgYTojY14vY141Y15gMS0vNGAwM2EjbHFtcDJka3FtYS0tZDBhc3M%3D&btag=80000e00008000&dy_q=1765768569&feature_id=b1cb202f98cf51d95e455ae01e100ce9&l=202512151116085EB0C664C72D0680A7EE&ply_type=3&policy=eyJ2bSI6MywidWlkIjoiMzk1Nzg3Mjc3NDYxMjA3MSJ9,投放中,审核通过,首发,1,--,25.26,315,7,2.22,3.61,80.19,1,25.26,14.29,0,0,0,0,4
	7580313442684796971,男人三十才发芽.mp4,https://video-cn.oceanengine.com/976c00a2950c110a1022e3f6a1aa93e0/6942208a/tos-cn-ve-51/okb9IjIBIPQyliTwNE60KAtAaCzJyKu5PiQT5?a=1402&ch=0&cr=0&dr=3&cd=0%7C0%7C0%7C0&cv=1&br=1027&bt=1027&cs=0&ds=3&ft=J9ThAGkHH_Myq8Z03l39e2NvjTQ&mime_type=video_mp4&qs=0&rc=NXZpTGRTaFBnKWxncmd5aHFsc3IxZGY2OmQ6aDY0NWRkPGQ8ODdmQGlqNjRzbDlyd2Q3MzM0NjMzQFNsa3ZpcUQ6amtqXmJmK2BeaWpgYTojLWMuYGMwX19fMV9gXl4yYWEjajQ2cDJkNHFtYS0tZDAwc3M%3D&btag=80000e00010000&dy_q=1765768569&feature_id=b1cb202f98cf51d95e455ae01e100ce9&l=202512151116085EB0C664C72D0680A7EE&ply_type=3&policy=eyJ2bSI6MywidWlkIjoiMzk1Nzg3Mjc3NDYxMjA3MSJ9,投放中,审核通过,首发,1,--,37.23,443,18,4.06,2.07,84.04,2,18.62,11.11,0,0,0,0,7
	7580313446097666091,你可以骗我的钱+运镜.mp4,https://video-cn.oceanengine.com/5201088c1977db9f8548618d982c83b0/69422095/tos-cn-ve-51/ocBwd2IQhdAi9iV6QQmpwmfTAdBIAADEbQx0py?a=1402&ch=0&cr=0&dr=3&cd=0%7C0%7C0%7C0&br=860&bt=860&cs=0&ds=3&ft=J9ThAGkHH_Myq8Z03l39e2NvjTQ&mime_type=video_mp4&qs=0&rc=NXZpTGRTaFBnKWxncmd5aHFsc3IxZGYzPGk6NGllNzg1aDU7aDs5QGlqPDRuajlydWQ3MzM0NjMzQFNsa3ZpcUQ6amtqXmJmK2BeaWpgYTojNl5jXy41Ll4tMTYzNi8zNGEjcmtyaDJkY3FtYS0tZDAvc3M%3D&btag=80000e00010000&dy_q=1765768569&feature_id=b1cb202f98cf51d95e455ae01e100ce9&l=202512151116085EB0C664C72D0680A7EE&ply_type=3&policy=eyJ2bSI6MywidWlkIjoiMzk1Nzg3Mjc3NDYxMjA3MSJ9,投放中,审核通过,--,1,--,20.93,233,9,3.86,2.33,89.83,2,10.47,22.22,0,0,0,1,7
	7580363728023093291,12月5日(1).mp4,https://video-cn.oceanengine.com/d4e12a12021e7b885684418dac559057/6942208c/tos-cn-ve-51/oku43tPTDEkWtyeyAyFQCTNvEBfmpDAIEGgwDM?a=1402&ch=0&cr=0&dr=3&cd=0%7C1%7C0%7C0&cv=1&br=1594&bt=1594&cs=0&ds=3&ft=J9ThAGkHH_Myq8Z03l39e2NvjTQ&mime_type=video_mp4&qs=0&rc=NXZpTGRTaFBnKWxncmd5aHFsc3IxZGY4O2VmPGZmZ2Q5OmRnOzc0QGlqNzZ2eDlyZWc3MzM0NjMzQFNsa3ZpcUQ6amtqXmJmK2BeaWpgYTojNTQxMC5eLl4zMS8wYi1gY2EjajE0NjJkc21tYS0tZDAvc3M%3D&btag=80000e00010000&dy_q=1765768569&feature_id=b1cb202f98cf51d95e455ae01e100ce9&l=202512151116085EB0C664C72D0680A7EE&ply_type=3&policy=eyJ2bSI6MywidWlkIjoiMzk1Nzg3Mjc3NDYxMjA3MSJ9,未投放,审核通过,"首发,低效",0,--,0.04,3,0,0,0,13.33,0,0,0,0,0,0,0,1
	7581039174591152170,12月7日(1).mp4,https://video-cn.oceanengine.com/784e82fbf90ee708f25581c9cc141306/69422093/tos-cn-ve-51/67e35f8d92a34f249144fd9c9f865901?a=1402&ch=0&cr=0&dr=3&cd=0%7C0%7C0%7C0&cv=1&br=981&bt=981&cs=0&ds=3&ft=J9ThAGkHH_Myq8Z03l39e2NvjTQ&mime_type=video_mp4&qs=0&rc=NXZpTGRTaFBnKWxncmd5aHFsc3IxZGZmO2c5aWczM2Y7aTQ3O2ZoQGlqM3VyeTlyeW43MzM0NjMzQFNsa3ZpcUQ6amtqXmJmK2BeaWpgYTojMWFiYzYzNTUwMWMwMC0yLWEjNm5wbDJkazJuYS0tZDBhc3M%3D&btag=80000e00010000&dy_q=1765768569&feature_id=b1cb202f98cf51d95e455ae01e100ce9&l=202512151116085EB0C664C72D0680A7EE&ply_type=3&policy=eyJ2bSI6MywidWlkIjoiMzk1Nzg3Mjc3NDYxMjA3MSJ9,未投放,审核通过,首发,0,--,519.53,12555,221,1.76,2.35,41.38,12,43.29,5.43,0,0,0,78,34
	7581791060119044147,12月8日(6).mp4,https://video-cn.oceanengine.com/9a650b21692813840e64f58634d7b78f/69422093/tos-cn-ve-51/oAIFIGBpAgZEwENyIiw2fQhA3JgBNi3dfCu7wD?a=1402&ch=0&cr=0&dr=3&cd=0%7C0%7C0%7C0&cv=1&br=2547&bt=2547&cs=0&ds=3&ft=J9ThAGkHH_Myq8Z03l39e2NvjTQ&mime_type=video_mp4&qs=0&rc=NXZpTGRTaFBnKWxncmd5aHFsc3IxZGY8OmRmNzU7OWk7aDU4ZTRkQGkzNDU0cTlyN3g3MzM0NjMzQFNsa3ZpcUQ6amtqXmJmK2BeaWpgYTojYV9fMWNgNV8wMTIxLzUvY2EjbXFiMTJkc3FvYS0tZDAvc3M%3D&btag=80000e00010000&dy_q=1765768569&feature_id=b1cb202f98cf51d95e455ae01e100ce9&l=202512151116085EB0C664C72D0680A7EE&ply_type=3&policy=eyJ2bSI6MywidWlkIjoiMzk1Nzg3Mjc3NDYxMjA3MSJ9,投放中,审核通过,首发,1,--,0.63,13,0,0,0,48.46,0,0,0,0,0,0,0,0
	7581791654015483950,12月8日(7).mp4,https://video-cn.oceanengine.com/30a5b9fba00cfcee98e8e9272758ba85/69422092/tos-cn-ve-51/ooAgvF208bb1D30KbfNCeAGkAaEfBhKIDSaVQk?a=1402&ch=0&cr=0&dr=3&cd=0%7C1%7C0%7C0&cv=1&br=1660&bt=1660&cs=0&ds=3&ft=J9ThAGkHH_Myq8Z03l39e2NvjTQ&mime_type=video_mp4&qs=0&rc=NXZpTGRTaFBnKWxncmd5aHFsc3IxZGZmZDo1OWVoNTpmZjk5PDM2QGkzNGVzbDlyZ3g3MzM0NjMzQFNsa3ZpcUQ6amtqXmJmK2BeaWpgYTojNjIxMjMxYV4zMTFiNmAuMGEjbWppMzJkNHJvYS0tZDBhc3M%3D&btag=80000e00010000&dy_q=1765768569&feature_id=b1cb202f98cf51d95e455ae01e100ce9&l=202512151116085EB0C664C72D0680A7EE&ply_type=3&policy=eyJ2bSI6MywidWlkIjoiMzk1Nzg3Mjc3NDYxMjA3MSJ9,投放中,审核通过,--,1,--,0.26,5,0,0,0,52,0,0,0,0,0,0,0,0
	7581816759486562314,12月9日 (6).mp4,https://video-cn.oceanengine.com/381f13015fd64c5705cef550876cc6e6/69422098/tos-cn-ve-51/o4DwbDp7IBLO2QElKfNDDeqAnYW6AgvFgLAJFp?a=1402&ch=0&cr=0&dr=3&cd=0%7C0%7C0%7C0&cv=1&br=1228&bt=1228&cs=0&ds=3&ft=J9ThAGkHH_Myq8Z03l39e2NvjTQ&mime_type=video_mp4&qs=0&rc=NXZpTGRTaFBnKWxncmd5aHFsc3IxZGY2PDpkODs1NDg8NWlkNGgzQGlqcWZybzlyaDM3MzM0NjMzQFNsa3ZpcUQ6amtqXmJmK2BeaWpgYTojNmE0LzJeNDVgMTZiXzJfYmEjcl9rLzJkc2BwYS0tZDAwc3M%3D&btag=80000e00018000&dy_q=1765768569&feature_id=b1cb202f98cf51d95e455ae01e100ce9&l=202512151116085EB0C664C72D0680A7EE&ply_type=3&policy=eyJ2bSI6MywidWlkIjoiMzk1Nzg3Mjc3NDYxMjA3MSJ9,未投放,审核通过,首发,0,--,608.29,11229,243,2.16,2.5,54.17,12,50.69,4.94,0,0,0,83,81
	7582079299467345956,12月8日(11).mp4,https://video-cn.oceanengine.com/30c2c8c3f43fe5227f4f5f8d988ac466/6942208c/tos-cn-ve-51/ocD4EDoIEB1OmIEYcfN9DGvAzTkQPgfcQ2AEFp?a=1402&ch=0&cr=0&dr=3&cd=0%7C1%7C0%7C0&cv=1&br=1674&bt=1674&cs=0&ds=3&ft=J9ThAGkHH_Myq8Z03l39e2NvjTQ&mime_type=video_mp4&qs=0&rc=NXZpTGRTaFBnKWxncmd5aHFsc3IxZGY4ZTxnNmg3Zzg1Ozs2aDMzQGkzeWdtcTlybGk3MzM0NjMzQFNsa3ZpcUQ6amtqXmJmK2BeaWpgYTojL15iLTMwNl9jMTYtX19fMWEjNWlmcTJkNDZwYS0tZDAwc3M%3D&btag=80000e00010000&dy_q=1765768569&feature_id=b1cb202f98cf51d95e455ae01e100ce9&l=202512151116085EB0C664C72D0680A7EE&ply_type=3&policy=eyJ2bSI6MywidWlkIjoiMzk1Nzg3Mjc3NDYxMjA3MSJ9,投放中,审核通过,首发,1,--,0.1,3,0,0,0,33.33,0,0,0,0,0,0,0,0
	7582079338985472043,12月8日(9).mp4,https://video-cn.oceanengine.com/4032ee7b0809106ed1a8c3c77af81578/69422098/tos-cn-ve-51/oUZmg0IGfReCsLFA6kexMcUR3uLf02A4BREc9A?a=1402&ch=0&cr=0&dr=3&cd=0%7C1%7C0%7C0&cv=1&br=3011&bt=3011&cs=0&ds=3&ft=J9ThAGkHH_Myq8Z03l39e2NvjTQ&mime_type=video_mp4&qs=0&rc=NXZpTGRTaFBnKWxncmd5aHFsc3IxZGY4ODxpaDQ1NDRkMzQ2NDZnQGlqOjQ6bDlybGk3MzM0NjMzQFNsa3ZpcUQ6amtqXmJmK2BeaWpgYTojXmA1XzIwLzYwMTNiNWNjM2EjL2o1bjJkNDZwYS0tZDBhc3M%3D&btag=80000e00018000&dy_q=1765768569&feature_id=b1cb202f98cf51d95e455ae01e100ce9&l=202512151116085EB0C664C72D0680A7EE&ply_type=3&policy=eyJ2bSI6MywidWlkIjoiMzk1Nzg3Mjc3NDYxMjA3MSJ9,投放中,审核通过,--,1,--,0.01,2,0,0,0,5,0,0,0,0,0,0,0,0
	7582079343195865094,12月8日(8).mp4,https://video-cn.oceanengine.com/53c0e72822ff2cede7d385845dfff801/69422096/tos-cn-ve-51/oYEENKNDQAAfeIxxgp2ghMbbCBFTY6ODPgzHwv?a=1402&ch=0&cr=0&dr=3&cd=0%7C1%7C0%7C0&cv=1&br=1505&bt=1505&cs=0&ds=3&ft=J9ThAGkHH_Myq8Z03l39e2NvjTQ&mime_type=video_mp4&qs=0&rc=NXZpTGRTaFBnKWxncmd5aHFsc3IxZGY3Zjg7aDUzNTs4ZDc5NGQ1QGkzZnR2cTlya2k3MzM0NjMzQFNsa3ZpcUQ6amtqXmJmK2BeaWpgYTojLy8uLmNfMzU2MWMuYzMxYWEjMG8xajJkczZwYS0tZDAvc3M%3D&btag=80000e00018000&dy_q=1765768569&feature_id=b1cb202f98cf51d95e455ae01e100ce9&l=202512151116085EB0C664C72D0680A7EE&ply_type=3&policy=eyJ2bSI6MywidWlkIjoiMzk1Nzg3Mjc3NDYxMjA3MSJ9,投放中,审核通过,首发,1,--,0.5,2,0,0,0,250,0,0,0,0,0,0,0,0
	7582101324021465131,12月8日(12).mp4,https://video-cn.oceanengine.com/81e890b82c2ce39f1a101dfadcad1af7/69422093/tos-cn-ve-51/og0BhQ5neAVIIAimzg8E1U4QJnBcQMv4mRCBiR?a=1402&ch=0&cr=0&dr=3&cd=0%7C1%7C0%7C0&cv=1&br=2741&bt=2741&cs=0&ds=3&ft=J9ThAGkHH_Myq8Z03l39e2NvjTQ&mime_type=video_mp4&qs=0&rc=NXZpTGRTaFBnKWxncmd5aHFsc3IxZGY3ZzszOWRmOjc8M2Y8OTQ3QGlqb213bTlyeGo3MzM0NjMzQFNsa3ZpcUQ6amtqXmJmK2BeaWpgYTojYTNfMGEuNF80MTRhMTZhMmEjNWxfZzJka2VwYS0tZDAwc3M%3D&btag=80000e00010000&dy_q=1765768569&feature_id=b1cb202f98cf51d95e455ae01e100ce9&l=202512151116085EB0C664C72D0680A7EE&ply_type=3&policy=eyJ2bSI6MywidWlkIjoiMzk1Nzg3Mjc3NDYxMjA3MSJ9,投放中,审核通过,首发,1,--,0,0,0,0,0,0,0,0,0,0,0,0,0,0
	7582105542919749686,身边有人唠.mp4,https://video-cn.oceanengine.com/ae1468d6658bd38cd09fe2aca3fbb251/6942208b/tos-cn-ve-51/oAdQeDOIIACYq6gD8AGEEwzG7Q5NgxF8pyBvif?a=1402&ch=0&cr=0&dr=3&cd=0%7C0%7C0%7C0&br=1511&bt=1511&cs=0&ds=3&ft=J9ThAGkHH_Myq8Z03l39e2NvjTQ&mime_type=video_mp4&qs=0&rc=NXZpTGRTaFBnKWxncmd5aHFsc3IxZGZpNDkzNzU0NjM5OWQ0O2lkQGlqd3NveDlycGo3MzM0NjMzQFNsa3ZpcUQ6amtqXmJmK2BeaWpgYTojYGBiYGEuLTY2MS9iLV5gMmEjNWRzXjJkNG1wYS0tZDAvc3M%3D&btag=80000e00010000&dy_q=1765768569&feature_id=b1cb202f98cf51d95e455ae01e100ce9&l=202512151116085EB0C664C72D0680A7EE&ply_type=3&policy=eyJ2bSI6MywidWlkIjoiMzk1Nzg3Mjc3NDYxMjA3MSJ9,未投放,审核通过,首发,0,--,34.18,565,19,3.36,1.8,60.5,0,0,0,0,0,0,12,3
	7582547336561705011,小丽做饭呢，给志勇做几个南瓜馒头.mp4,https://video-cn.oceanengine.com/3e1ec6e58c3cf98e05d369898d98cab7/69422091/tos-cn-ve-51/oYUfA6HArikprHWrZMVE26Bvfd2tenMqAnCZeA?a=1402&ch=0&cr=0&dr=3&cd=0%7C0%7C0%7C0&br=1757&bt=1757&cs=0&ds=3&ft=J9ThAGkHH_Myq8Z03l39e2NvjTQ&mime_type=video_mp4&qs=0&rc=NXZpTGRTaFBnKWxncmd5aHFsc3IxZGY7OjVpaDozNmQ2OTdlZjo6QGlqcG90Z2tvZjw3MzM0NjMzQFNsa3ZpcUQ6amtqXmJmK2BeaWpgYTojM2AxNmAyM18wMTNiMmA2M2EjbTJzb3FnL3FxYS0tZDAwc3M%3D&btag=80000e00010000&dy_q=1765768569&feature_id=b1cb202f98cf51d95e455ae01e100ce9&l=202512151116085EB0C664C72D0680A7EE&ply_type=3&policy=eyJ2bSI6MywidWlkIjoiMzk1Nzg3Mjc3NDYxMjA3MSJ9,投放中,审核通过,--,1,--,2.32,45,0,0,0,51.56,0,0,0,0,0,0,0,0
	7582547345752031270,马上就过年了，对象找到了吗？.mp4,https://video-cn.oceanengine.com/849f4d78121e43d1562df1a0b4dcb975/69422089/tos-cn-ve-51/o4FBfqU6HQ4m4LDEQYYsAWAhzAn9IvNh069NLE?a=1402&ch=0&cr=0&dr=3&cd=0%7C0%7C0%7C0&br=1544&bt=1544&cs=0&ds=3&ft=J9ThAGkHH_Myq8Z03l39e2NvjTQ&mime_type=video_mp4&qs=0&rc=NXZpTGRTaFBnKWxncmd5aHFsc3IxZGY2N2U2aGZlOGg0OWg3OThpQGlqd2pmZmtvZTw3MzM0NjMzQFNsa3ZpcUQ6amtqXmJmK2BeaWpgYTojMDMuXzY2L14zMTQ2M19iMmEjYzQyMHFnXnFxYS0tZDAvc3M%3D&btag=80000e00010000&dy_q=1765768569&feature_id=b1cb202f98cf51d95e455ae01e100ce9&l=202512151116085EB0C664C72D0680A7EE&ply_type=3&policy=eyJ2bSI6MywidWlkIjoiMzk1Nzg3Mjc3NDYxMjA3MSJ9,投放中,审核通过,--,1,--,0.92,11,0,0,0,83.64,0,0,0,0,0,0,0,0
	7582547365035769882,还在为一个人回家过年发愁吗.mp4,https://video-cn.oceanengine.com/307a6f209321361073f31e3063dea6a5/6942208c/tos-cn-ve-51/o8iQKAqsOQnw0WTh8EA9mjAqDPIheQBT4qsUn6?a=1402&ch=0&cr=0&dr=3&cd=0%7C0%7C0%7C0&br=1384&bt=1384&cs=0&ds=3&ft=J9ThAGkHH_Myq8Z03l39e2NvjTQ&mime_type=video_mp4&qs=0&rc=NXZpTGRTaFBnKWxncmd5aHFsc3IxZGY2ZWkzZ2ZlOjhmNjc7PGlpQGlqZDU2ZGtvZTw3MzM0NjMzQFNsa3ZpcUQ6amtqXmJmK2BeaWpgYTojMF5iNWI2MjY1MTUzX15jLWEjNjNucnFnXnFxYS0tZDAvc3M%3D&btag=80000e00010000&dy_q=1765768569&feature_id=b1cb202f98cf51d95e455ae01e100ce9&l=202512151116085EB0C664C72D0680A7EE&ply_type=3&policy=eyJ2bSI6MywidWlkIjoiMzk1Nzg3Mjc3NDYxMjA3MSJ9,投放中,审核通过,--,1,--,0.99,28,1,3.57,0.99,35.36,0,0,0,0,0,0,0,0
	7582547386279542834,你喜欢我这个类型的女生嘛？不管钱，不管有没有.mp4,https://video-cn.oceanengine.com/bc96ddea256e715ade16c2bf1d31b2d3/69422091/tos-cn-ve-51/oQqP1bWAggAsAoQCWF4om0IfnQI9wdmkU9oBxX?a=1402&ch=0&cr=0&dr=3&cd=0%7C0%7C0%7C0&br=1321&bt=1321&cs=0&ds=3&ft=J9ThAGkHH_Myq8Z03l39e2NvjTQ&mime_type=video_mp4&qs=0&rc=NXZpTGRTaFBnKWxncmd5aHFsc3IxZGY3NmlkODNnNmZmNTQ4MzZpQGkzbnlsZWtvZTw3MzM0NjMzQFNsa3ZpcUQ6amtqXmJmK2BeaWpgYTojMWMuLzQ2Ll9jMTVfXjZjLmEjXjVwLXFnXnFxYS0tZDBhc3M%3D&btag=80000e00010000&dy_q=1765768569&feature_id=b1cb202f98cf51d95e455ae01e100ce9&l=202512151116085EB0C664C72D0680A7EE&ply_type=3&policy=eyJ2bSI6MywidWlkIjoiMzk1Nzg3Mjc3NDYxMjA3MSJ9,投放中,审核通过,首发,1,--,0.74,9,0,0,0,82.22,0,0,0,0,0,0,0,0
	7582547849645785097,我的喜欢很简单(1).mp4,https://video-cn.oceanengine.com/82f1716af3b1ec09053126dbeea1993a/69422088/tos-cn-ve-51/ooGMgqnqfA22jfIRAAOzAeE0eC60gJ3LkIxcZD?a=1402&ch=0&cr=0&dr=3&cd=0%7C0%7C0%7C0&br=1109&bt=1109&cs=0&ds=3&ft=J9ThAGkHH_Myq8Z03l39e2NvjTQ&mime_type=video_mp4&qs=0&rc=NXZpTGRTaFBnKWxncmd5aHFsc3IxZGZnZzM8aWQ2ZGRlZDY4ZDVkQGkzbDNyNGtvOjw3MzM0NjMzQFNsa3ZpcUQ6amtqXmJmK2BeaWpgYTojNWMxYGIzLl8zMTYxYTY2MWEjMWNfbXFnbnJxYS0tZDBhc3M%3D&btag=80000e00010000&dy_q=1765768569&feature_id=b1cb202f98cf51d95e455ae01e100ce9&l=202512151116085EB0C664C72D0680A7EE&ply_type=3&policy=eyJ2bSI6MywidWlkIjoiMzk1Nzg3Mjc3NDYxMjA3MSJ9,未投放,审核通过,首发,0,--,11.8,293,4,1.37,2.95,40.27,0,0,0,0,0,0,1,0
	7582859232912949289,40 岁以后想聊天，还得找同龄人！不用加好友、不用绕弯子，点开就能聊，来闲伴就对了(1).mp4,https://video-cn.oceanengine.com/ace9ed3e5a1c39f6070b1aefc5c35e81/6942208e/tos-cn-ve-51/osDbQKsI4gs0eXJBX7swd6IInAmEz9sQtbmp1A?a=1402&ch=0&cr=0&dr=3&cd=0%7C0%7C0%7C0&br=1281&bt=1281&cs=0&ds=3&ft=J9ThAGkHH_Myq8Z03l39e2NvjTQ&mime_type=video_mp4&qs=0&rc=NXZpTGRTaFBnKWxncmd5aHFsc3IxZGY2PGdlNTRoOjpoNDQzaDllQGlqZjlsZ2tvZXU3MzM0NjMzQFNsa3ZpcUQ6amtqXmJmK2BeaWpgYTojYy4xM19eLjYtMV4vL18tY2Ejcm0ubXFnZmlxYS0tZDBhc3M%3D&btag=80000e00010000&dy_q=1765768569&feature_id=b1cb202f98cf51d95e455ae01e100ce9&l=202512151116085EB0C664C72D0680A7EE&ply_type=3&policy=eyJ2bSI6MywidWlkIjoiMzk1Nzg3Mjc3NDYxMjA3MSJ9,未投放,审核通过,--,1,--,1.31,17,0,0,0,77.06,0,0,0,0,0,0,0,0
	7582866041950552090,就两杯豆浆的钱，就能在闲伴找一个懂你的伴.mp4,https://video-cn.oceanengine.com/7f0e7f48c0fe8cdfe540e31451a32fca/69422093/tos-cn-ve-51/oQeoN943NDAQUEKGI7sIYBBAwQEgNLE7OpKe7k?a=1402&ch=0&cr=0&dr=3&cd=0%7C0%7C0%7C0&br=1292&bt=1292&cs=0&ds=3&ft=J9ThAGkHH_Myq8Z03l39e2NvjTQ&mime_type=video_mp4&qs=0&rc=NXZpTGRTaFBnKWxncmd5aHFsc3IxZGY7ZTNnN2ZlZDxoZ2hmNGg0QGkzd3A2OGtvNnY3MzM0NjMzQFNsa3ZpcUQ6amtqXmJmK2BeaWpgYTojNV9hNjAyYDVjMWMwYDIyNWEjczEwbnFnLy5xYS0tZDBhc3M%3D&btag=80000e00010000&dy_q=1765768569&feature_id=b1cb202f98cf51d95e455ae01e100ce9&l=202512151116085EB0C664C72D0680A7EE&ply_type=3&policy=eyJ2bSI6MywidWlkIjoiMzk1Nzg3Mjc3NDYxMjA3MSJ9,投放中,审核通过,--,1,--,3.94,62,3,4.84,1.31,63.55,0,0,0,0,0,0,1,1
	7582830338998435867,12月8日(33).mp4,https://video-cn.oceanengine.com/d3a325e2878caac05d8940b41e169d83/69422088/tos-cn-ve-51/o8hnhQCI4qgAdAXCQsqjARgP39EUE0gBfYMmC3?a=1402&ch=0&cr=0&dr=3&cd=0%7C1%7C0%7C0&cv=1&br=1114&bt=1114&cs=0&ds=3&ft=J9ThAGkHH_Myq8Z03l39e2NvjTQ&mime_type=video_mp4&qs=0&rc=NXZpTGRTaFBnKWxncmd5aHFsc3IxZGY0OTppOGlmOWY4N2hkZ2k4QGkzNG81ZmtvNHQ3MzM0NjMzQFNsa3ZpcUQ6amtqXmJmK2BeaWpgYTojNjY1NjVgLV4zMWJeNGBiMGEjMGtmLnFnXi1xYS0tZDAwc3M%3D&btag=80000200010000&dy_q=1765768569&feature_id=b1cb202f98cf51d95e455ae01e100ce9&l=202512151116085EB0C664C72D0680A7EE&ply_type=3&policy=eyJ2bSI6MywidWlkIjoiMzk1Nzg3Mjc3NDYxMjA3MSJ9,投放中,审核通过,--,1,--,0,0,0,0,0,0,0,0,0,0,0,0,0,0
	7582830317217611803,12月8日(32).mp4,https://video-cn.oceanengine.com/942195ea91bbd03fb10e098743e63ff3/69422088/tos-cn-ve-51/0c7cbf480e6242369b7649612094089f?a=1402&ch=0&cr=0&dr=3&cd=0%7C1%7C0%7C0&cv=1&br=1043&bt=1043&cs=0&ds=3&ft=J9ThAGkHH_Myq8Z03l39e2NvjTQ&mime_type=video_mp4&qs=0&rc=NXZpTGRTaFBnKWxncmd5aHFsc3IxZGY1OWc5ZTdkNDs0ZWY4OmZlQGlqNzc0ZmtvNHQ3MzM0NjMzQFNsa3ZpcUQ6amtqXmJmK2BeaWpgYTojLTUyNC5gNDUxMWMxMGE2X2EjL2hgYXFnXi1xYS0tZDAvc3M%3D&btag=80000200010000&dy_q=1765768569&feature_id=b1cb202f98cf51d95e455ae01e100ce9&l=202512151116085EB0C664C72D0680A7EE&ply_type=3&policy=eyJ2bSI6MywidWlkIjoiMzk1Nzg3Mjc3NDYxMjA3MSJ9,投放中,审核通过,--,1,--,0,0,0,0,0,0,0,0,0,0,0,0,0,0
	7582830317217398811,12月8日(32)1.mp4,https://video-cn.oceanengine.com/a601733a0b313601f668762444a37fbc/69422088/tos-cn-ve-51/oMcmgns81B2N77mvB8ACrMQI4qAVegQtBA40dE?a=1402&ch=0&cr=0&dr=3&cd=0%7C1%7C0%7C0&cv=1&br=992&bt=992&cs=0&ds=3&ft=J9ThAGkHH_Myq8Z03l39e2NvjTQ&mime_type=video_mp4&qs=0&rc=NXZpTGRTaFBnKWxncmd5aHFsc3IxZGZoZDs7O2hkOTtnZGQ2PDszQGkzZ25pM2tvNHQ3MzM0NjMzQFNsa3ZpcUQ6amtqXmJmK2BeaWpgYTojL2FgYGItX141MS0xNi02M2EjYjAzb3FnXi1xYS0tZDBhc3M%3D&btag=80000200010000&dy_q=1765768569&feature_id=b1cb202f98cf51d95e455ae01e100ce9&l=202512151116085EB0C664C72D0680A7EE&ply_type=3&policy=eyJ2bSI6MywidWlkIjoiMzk1Nzg3Mjc3NDYxMjA3MSJ9,投放中,审核通过,--,1,--,0,0,0,0,0,0,0,0,0,0,0,0,0,0
	7582079282496995369,12月8日(10).mp4,https://video-cn.oceanengine.com/4e24f0df1a7511ea1f383fa3d173dc7b/6942208c/tos-cn-ve-51/ow4fYhAsggeyenPE66JZxY3JxREmo5f4AAfuht?a=1402&ch=0&cr=0&dr=3&cd=0%7C1%7C0%7C0&cv=1&br=1643&bt=1643&cs=0&ds=3&ft=J9ThAGkHH_Myq8Z03l39e2NvjTQ&mime_type=video_mp4&qs=0&rc=NXZpTGRTaFBnKWxncmd5aHFsc3IxZGZkODs6aGU8ZjtpODNpO2c7QGlqaXN5dDlya2k3MzM0NjMzQFNsa3ZpcUQ6amtqXmJmK2BeaWpgYTojYmE1Y18uMl5hMTEyM140NmEjaWIzMDJkczZwYS0tZDBhc3M%3D&btag=80000e00010000&dy_q=1765768569&feature_id=b1cb202f98cf51d95e455ae01e100ce9&l=202512151116085EB0C664C72D0680A7EE&ply_type=3&policy=eyJ2bSI6MywidWlkIjoiMzk1Nzg3Mjc3NDYxMjA3MSJ9,投放中,审核通过,首发,1,--,0,0,0,0,0,0,0,0,0,0,0,0,0,0
	7581765551312175150,老乡翻版.mp4,https://video-cn.oceanengine.com/3d781a269170ca3688d1ae59da3351e7/69422091/tos-cn-ve-51/oEHfeiv6A8MNoB9GEc1ARIVAQOiDNpyCgQB3IP?a=1402&ch=0&cr=0&dr=3&cd=0%7C0%7C0%7C0&br=2415&bt=2415&cs=0&ds=3&ft=J9ThAGkHH_Myq8Z03l39e2NvjTQ&mime_type=video_mp4&qs=0&rc=NXZpTGRTaFBnKWxncmd5aHFsc3IxZGY1OTk0aDk1Zjw2aDpoOzk3QGkzOTM2dzlyO3c3MzM0NjMzQFNsa3ZpcUQ6amtqXmJmK2BeaWpgYTojNl8uXzAwYDVgMTAzNjUuNWEjYmxsMTJkc2NvYS0tZDAvc3M%3D&btag=80000200010000&dy_q=1765768569&feature_id=b1cb202f98cf51d95e455ae01e100ce9&l=202512151116085EB0C664C72D0680A7EE&ply_type=3&policy=eyJ2bSI6MywidWlkIjoiMzk1Nzg3Mjc3NDYxMjA3MSJ9,投放中,审核通过,--,1,--,0,0,0,0,0,0,0,0,0,0,0,0,0,0
	7581740377218957354,12月8日(5).mp4,https://video-cn.oceanengine.com/6c740f74ef99feb0bd66b672d581a102/69422094/tos-cn-ve-51/oATJA05APYA5AXxfcwv8C2kAGMeA5EH3iH4ffg?a=1402&ch=0&cr=0&dr=3&cd=0%7C1%7C0%7C0&cv=1&br=1819&bt=1819&cs=0&ds=3&ft=J9ThAGkHH_Myq8Z03l39e2NvjTQ&mime_type=video_mp4&qs=0&rc=NXZpTGRTaFBnKWxncmd5aHFsc3IxZGZnOmY5OGk7PDU7OGhkO2g3QGlqcWszeTlyN3Y3MzM0NjMzQFNsa3ZpcUQ6amtqXmJmK2BeaWpgYTojMTNeNWFgLV9iMV9fYmAvYGEjNHNfbDJkcy5vYS0tZDBhc3M%3D&btag=80000200010000&dy_q=1765768569&feature_id=b1cb202f98cf51d95e455ae01e100ce9&l=202512151116085EB0C664C72D0680A7EE&ply_type=3&policy=eyJ2bSI6MywidWlkIjoiMzk1Nzg3Mjc3NDYxMjA3MSJ9,投放中,审核通过,--,1,--,0,0,0,0,0,0,0,0,0,0,0,0,0,0
	7581694826921312262,12月8日(4).mp4,https://video-cn.oceanengine.com/c97c0f09cf730156a9aa0cf867e72b2c/69422091/tos-cn-ve-51/ok1cQNEmzDAvLpLeS5FlANpgxDigOBMNItfdvE?a=1402&ch=0&cr=0&dr=3&cd=0%7C0%7C0%7C0&br=1885&bt=1885&cs=0&ds=3&ft=J9ThAGkHH_Myq8Z03l39e2NvjTQ&mime_type=video_mp4&qs=0&rc=NXZpTGRTaFBnKWxncmd5aHFsc3IxZGY1O2dpZmk6O2YzZ2c8N2c4QGkzOnVvbDlyZnM3MzM0NjMzQFNsa3ZpcUQ6amtqXmJmK2BeaWpgYTojYDAvYmIvXzYtMTNjMy41NWEjLi8zbTJkc2JvYS0tZDBhc3M%3D&btag=80000200010000&dy_q=1765768569&feature_id=b1cb202f98cf51d95e455ae01e100ce9&l=202512151116085EB0C664C72D0680A7EE&ply_type=3&policy=eyJ2bSI6MywidWlkIjoiMzk1Nzg3Mjc3NDYxMjA3MSJ9,投放中,审核通过,--,1,--,0,0,0,0,0,0,0,0,0,0,0,0,0,0
	7581450972745859135,12月8日(1).mp4,https://video-cn.oceanengine.com/64c6e018e352774911721ce1ea8b55dd/69422094/tos-cn-ve-51/oEQNDf1tDElDETlvbQpgFBK3IWN5AKxZ0AEFfg?a=1402&ch=0&cr=0&dr=3&cd=0%7C1%7C0%7C0&cv=1&br=1560&bt=1560&cs=0&ds=3&ft=J9ThAGkHH_Myq8Z03l39e2NvjTQ&mime_type=video_mp4&qs=0&rc=NXZpTGRTaFBnKWxncmd5aHFsc3IxZGY3Zzc6aDk5NzQzZThlOTM0QGlqaXlzdDlyZXM3MzM0NjMzQFNsa3ZpcUQ6amtqXmJmK2BeaWpgYTojNF8wLV8zM18wMS5iMGEuYGEjYDBfajJkYzVvYS0tZDAwc3M%3D&btag=80000200010000&dy_q=1765768569&feature_id=b1cb202f98cf51d95e455ae01e100ce9&l=202512151116085EB0C664C72D0680A7EE&ply_type=3&policy=eyJ2bSI6MywidWlkIjoiMzk1Nzg3Mjc3NDYxMjA3MSJ9,未投放,--,"首发,低效",0,--,0,0,0,0,0,0,0,0,0,0,0,0,0,0
	7580363759388147731,12月5日.mp4,https://video-cn.oceanengine.com/bc9265e2e8eb31daa3e0a8b9f50ec5bf/69422093/tos-cn-ve-51/oYNBMPQAMtLDgwjvgIeNWvfyDEAFy3EpgQiIGV?a=1402&ch=0&cr=0&dr=3&cd=0%7C1%7C0%7C0&cv=1&br=1384&bt=1384&cs=0&ds=3&ft=J9ThAGkHH_Myq8Z03l39e2NvjTQ&mime_type=video_mp4&qs=0&rc=NXZpTGRTaFBnKWxncmd5aHFsc3IxZGY7aTg5ZDVnOjY2aGc5NjQ6QGlqNXA1azlyZWc3MzM0NjMzQFNsa3ZpcUQ6amtqXmJmK2BeaWpgYTojLjQzLjUzYl8wMV4uXmItNWEjNTMtcDJkc21tYS0tZDBhc3M%3D&btag=80000e00010000&dy_q=1765768569&feature_id=b1cb202f98cf51d95e455ae01e100ce9&l=202512151116085EB0C664C72D0680A7EE&ply_type=3&policy=eyJ2bSI6MywidWlkIjoiMzk1Nzg3Mjc3NDYxMjA3MSJ9,投放中,审核通过,首发,1,--,0,0,0,0,0,0,0,0,0,0,0,0,0,0
	7580363736156438570,12月5日(2).mp4,https://video-cn.oceanengine.com/98132f14ba7a9f2d92f6d8357de7ab56/6942208c/tos-cn-ve-51/oAxElu6rQirDDvMBJlODfAgNyvAFgEtgGeEpIA?a=1402&ch=0&cr=0&dr=3&cd=0%7C1%7C0%7C0&cv=1&br=1283&bt=1283&cs=0&ds=3&ft=J9ThAGkHH_Myq8Z03l39e2NvjTQ&mime_type=video_mp4&qs=0&rc=NXZpTGRTaFBnKWxncmd5aHFsc3IxZGY2PDNkZGhlZ2QzPDlmaGk6QGkzN2VqbzlyZWc3MzM0NjMzQFNsa3ZpcUQ6amtqXmJmK2BeaWpgYTojXy0vMF5hXjY1MTEtYzMtMWEjbG4vbDJkc21tYS0tZDAwc3M%3D&btag=80000e00010000&dy_q=1765768569&feature_id=b1cb202f98cf51d95e455ae01e100ce9&l=202512151116085EB0C664C72D0680A7EE&ply_type=3&policy=eyJ2bSI6MywidWlkIjoiMzk1Nzg3Mjc3NDYxMjA3MSJ9,投放中,审核通过,"首发,低效",1,--,0,0,0,0,0,0,0,0,0,0,0,0,0,0
	7580324912658219051,芦熙wst35-20251205-发呆.mp4,https://video-cn.oceanengine.com/747f783583e967a502aa2218194fcf4c/6942208e/tos-cn-ve-51/oIfXSHAEtEPb1EPSAeQQE4IyfKGEnCBa3DubZF?a=1402&ch=0&cr=0&dr=3&cd=0%7C0%7C0%7C0&br=1578&bt=1578&cs=0&ds=3&ft=J9ThAGkHH_Myq8Z03l39e2NvjTQ&mime_type=video_mp4&qs=0&rc=NXZpTGRTaFBnKWxncmd5aHFsc3IxZGY8ZjwzaGU5Mzw4MzkzZjc1QGkzdXQ8cTlycWU3MzM0NjMzQFNsa3ZpcUQ6amtqXmJmK2BeaWpgYTojNWM0LmFgYDYwMV9iL2M1X2EjczRyYTJkc2ZtYS0tZDBhc3M%3D&btag=80000200010000&dy_q=1765768569&feature_id=b1cb202f98cf51d95e455ae01e100ce9&l=202512151116085EB0C664C72D0680A7EE&ply_type=3&policy=eyJ2bSI6MywidWlkIjoiMzk1Nzg3Mjc3NDYxMjA3MSJ9,未投放,--,首发,0,--,0,0,0,0,0,0,0,0,0,0,0,0,0,0
	7580324905360261156,芦熙wst35-20251205-街边二郎腿.mp4,https://video-cn.oceanengine.com/4501c4014a253840b7764be77dec4382/69422089/tos-cn-ve-51/oEgvy7QJIi3dyLCgVv0ByBGAmEdqh8PfQAvi4m?a=1402&ch=0&cr=0&dr=3&cd=0%7C0%7C0%7C0&br=1149&bt=1149&cs=0&ds=3&ft=J9ThAGkHH_Myq8Z03l39e2NvjTQ&mime_type=video_mp4&qs=0&rc=NXZpTGRTaFBnKWxncmd5aHFsc3IxZGY6OGlpaWk4OmU8OThnZjlmQGlqcXF0dTlycWU3MzM0NjMzQFNsa3ZpcUQ6amtqXmJmK2BeaWpgYTojL18yL2EtNl4xMTJeNTFhMmEjMW1nazJkc2ZtYS0tZDAwc3M%3D&btag=80000200010000&dy_q=1765768569&feature_id=b1cb202f98cf51d95e455ae01e100ce9&l=202512151116085EB0C664C72D0680A7EE&ply_type=3&policy=eyJ2bSI6MywidWlkIjoiMzk1Nzg3Mjc3NDYxMjA3MSJ9,未投放,--,首发,0,--,0,0,0,0,0,0,0,0,0,0,0,0,0,0
	7580324618523770921,芦熙wst35-20251205-扣墙.mp4,https://video-cn.oceanengine.com/e9b6d4ac1132f952e7b115e9e9997386/6942208f/tos-cn-ve-51/osQPu5AybyBEzITidDAH3is2qQsT4iIaAKUQ9?a=1402&ch=0&cr=0&dr=3&cd=0%7C0%7C0%7C0&br=1198&bt=1198&cs=0&ds=3&ft=J9ThAGkHH_Myq8Z03l39e2NvjTQ&mime_type=video_mp4&qs=0&rc=NXZpTGRTaFBnKWxncmd5aHFsc3IxZGY1aDxkPGQ8PDc0PGc4ZzNlQGkzNWtncDlyOmU3MzM0NjMzQFNsa3ZpcUQ6amtqXmJmK2BeaWpgYTojYjY0MDAyMTViMS82NGAwYGEjaWtubTJkNGZtYS0tZDBhc3M%3D&btag=80000200010000&dy_q=1765768569&feature_id=b1cb202f98cf51d95e455ae01e100ce9&l=202512151116085EB0C664C72D0680A7EE&ply_type=3&policy=eyJ2bSI6MywidWlkIjoiMzk1Nzg3Mjc3NDYxMjA3MSJ9,未投放,--,--,0,--,0,0,0,0,0,0,0,0,0,0,0,0,0,0
	7580313678874394666,手势舞(1).mp4,https://video-cn.oceanengine.com/426b7c343bb657ab7a8966dfbd794b23/69422085/tos-cn-ve-51/ocAAQxZyDlpEfB9E18BqbIX8DM6NieigD58DPL?a=1402&ch=0&cr=0&dr=3&cd=0%7C0%7C0%7C0&br=2573&bt=2573&cs=0&ds=3&ft=J9ThAGkHH_Myq8Z03l39e2NvjTQ&mime_type=video_mp4&qs=0&rc=NXZpTGRTaFBnKWxncmd5aHFsc3IxZGY3aWlpOWc2OWhnaTVkZjdnQGlqc2tsbzlyZWQ3MzM0NjMzQFNsa3ZpcUQ6amtqXmJmK2BeaWpgYTojMV5fYl8yY19hMWIzMTUuYmEjNGpzZjJkc3JtYS0tZDAwc3M%3D&btag=80000200008000&dy_q=1765768569&feature_id=b1cb202f98cf51d95e455ae01e100ce9&l=202512151116085EB0C664C72D0680A7EE&ply_type=3&policy=eyJ2bSI6MywidWlkIjoiMzk1Nzg3Mjc3NDYxMjA3MSJ9,投放中,审核通过,--,1,--,0,0,0,0,0,0,0,0,0,0,0,0,0,0
	7580313343053873188,车景搭子+运镜.mp4,https://video-cn.oceanengine.com/827584f1ade8e41d14dd687e1cbe1e69/69422086/tos-cn-ve-51/o4E78fIIQBASDMZeHYLGlKpcuj34tGAfGCVbgV?a=1402&ch=0&cr=0&dr=3&cd=0%7C0%7C0%7C0&br=1548&bt=1548&cs=0&ds=3&ft=J9ThAGkHH_Myq8Z03l39e2NvjTQ&mime_type=video_mp4&qs=0&rc=NXZpTGRTaFBnKWxncmd5aHFsc3IxZGY1ZDw2ODc2MzozOWRpaDxmQGlqeGpybzlycmQ3MzM0NjMzQFNsa3ZpcUQ6amtqXmJmK2BeaWpgYTojYDViMTItNF5iMTEuMi80MmEjX3BzYzJkY3FtYS0tZDAwc3M%3D&btag=80000200008000&dy_q=1765768569&feature_id=b1cb202f98cf51d95e455ae01e100ce9&l=202512151116085EB0C664C72D0680A7EE&ply_type=3&policy=eyJ2bSI6MywidWlkIjoiMzk1Nzg3Mjc3NDYxMjA3MSJ9,未投放,审核通过,--,0,--,0,0,0,0,0,0,0,0,0,0,0,0,0,0
	7579966328083611690,12月4日 (1)(2).mp4,https://video-cn.oceanengine.com/e3fb197535915426b27270506f035d6b/69422085/tos-cn-ve-51/o4gAqYiqm0sy8hglAF4xXm9Lf3smQASQbscEIB?a=1402&ch=0&cr=0&dr=3&cd=0%7C1%7C0%7C0&cv=1&br=1657&bt=1657&cs=0&ds=3&ft=J9ThAGkHH_Myq8Z03l39e2NvjTQ&mime_type=video_mp4&qs=0&rc=NXZpTGRTaFBnKWxncmd5aHFsc3IxZGYzNTQ5Njk2ODkzOjo6ZzY8QGlqM2R3PGtvZnE3MzM0NjMzQFNsa3ZpcUQ6amtqXmJmK2BeaWpgYTojNi0wLzYvLjYvMS80M2EuNGEjNWs1M3FnXjNsYS0tZDAwc3M%3D&btag=80000200008000&dy_q=1765768569&feature_id=b1cb202f98cf51d95e455ae01e100ce9&l=202512151116085EB0C664C72D0680A7EE&ply_type=3&policy=eyJ2bSI6MywidWlkIjoiMzk1Nzg3Mjc3NDYxMjA3MSJ9,投放中,审核通过,--,1,--,0,0,0,0,0,0,0,0,0,0,0,0,0,0
	7579942146218295359,12月4日 茶室口播.mp4,https://video-cn.oceanengine.com/55c46208ff8f28c7f803f417014dced1/69422091/tos-cn-ve-51/o44s1XaWIGmBhamAdxH4Kgxm6iAeQsKQDjB0EP?a=1402&ch=0&cr=0&dr=3&cd=0%7C0%7C0%7C0&br=1257&bt=1257&cs=0&ds=3&ft=J9ThAGkHH_Myq8Z03l39e2NvjTQ&mime_type=video_mp4&qs=0&rc=NXZpTGRTaFBnKWxncmd5aHFsc3IxZGY6NjxnNzZoZWY8OjY5aTk0QGlqd282OWtva283MzM0NjMzQFNsa3ZpcUQ6amtqXmJmK2BeaWpgYTojNi41YDE2MTYxMTQxYTE0NGEjbGhyMHFnL25sYS0tZDAwc3M%3D&btag=80000200010000&dy_q=1765768569&feature_id=b1cb202f98cf51d95e455ae01e100ce9&l=202512151116085EB0C664C72D0680A7EE&ply_type=3&policy=eyJ2bSI6MywidWlkIjoiMzk1Nzg3Mjc3NDYxMjA3MSJ9,投放中,审核通过,--,1,--,0,0,0,0,0,0,0,0,0,0,0,0,0,0
	7579939957534277668,口播.mp4,https://video-cn.oceanengine.com/c4a7f0d741bd0c38190435b89be6445e/6942208c/tos-cn-ve-51/oMkxmKs30IhDBXgmWAmeg03sE14QG0AYAQKK9P?a=1402&ch=0&cr=0&dr=3&cd=0%7C1%7C0%7C0&cv=1&br=1385&bt=1385&cs=0&ds=3&ft=J9ThAGkHH_Myq8Z03l39e2NvjTQ&mime_type=video_mp4&qs=0&rc=NXZpTGRTaFBnKWxncmd5aHFsc3IxZGZnNDM8OTZnM2c8ZTVlaTM7QGkzN282OWtvM283MzM0NjMzQFNsa3ZpcUQ6amtqXmJmK2BeaWpgYTojNF4uMi1eY14wMTYyMGE1XmEjamVyMHFnL2tsYS0tZDAwc3M%3D&btag=80000200010000&dy_q=1765768569&feature_id=b1cb202f98cf51d95e455ae01e100ce9&l=202512151116085EB0C664C72D0680A7EE&ply_type=3&policy=eyJ2bSI6MywidWlkIjoiMzk1Nzg3Mjc3NDYxMjA3MSJ9,投放中,审核通过,--,1,--,0,0,0,0,0,0,0,0,0,0,0,0,0,0
	7579916358152519734,12月4日 (1)(1).mp4,https://video-cn.oceanengine.com/cebe25beb94b271c8368e988b6a52ee9/69422093/tos-cn-ve-51/o8HHErmmIBRKBE4ZgFQe4mFCIqSk0isALQLrxA?a=1402&ch=0&cr=0&dr=3&cd=0%7C1%7C0%7C0&cv=1&br=1585&bt=1585&cs=0&ds=3&ft=J9ThAGkHH_Myq8Z03l39e2NvjTQ&mime_type=video_mp4&qs=0&rc=NXZpTGRTaFBnKWxncmd5aHFsc3IxZGY4PDpoZTtlNzw0NDs1OTk6QGlqcmtsZWtva243MzM0NjMzQFNsa3ZpcUQ6amtqXmJmK2BeaWpgYTojXzYxMi8zMjU1MS9jNTNeM2EjaWdwLXFnXl9sYS0tZDBhc3M%3D&btag=80000e00010000&dy_q=1765768569&feature_id=b1cb202f98cf51d95e455ae01e100ce9&l=202512151116085EB0C664C72D0680A7EE&ply_type=3&policy=eyJ2bSI6MywidWlkIjoiMzk1Nzg3Mjc3NDYxMjA3MSJ9,投放中,审核通过,首发,2,--,0,0,0,0,0,0,0,0,0,0,0,0,0,0
	7579914005811675199,车景+好孤独啊么有消息+方便视频吗.mp4,https://video-cn.oceanengine.com/b2684d7a2d12c2a2ba7e4f8a60cb8407/69422098/tos-cn-ve-51/oghMNQrIxepOUB0lgZVdAWgco6haNpADfKCNXi?a=1402&ch=0&cr=0&dr=3&cd=0%7C0%7C0%7C0&br=1762&bt=1762&cs=0&ds=3&ft=J9ThAGkHH_Myq8Z03l39e2NvjTQ&mime_type=video_mp4&qs=0&rc=NXZpTGRTaFBnKWxncmd5aHFsc3IxZGYzMzs5NGc7OTs0ZjxoZDs5QGlqbHc4NWtvZG43MzM0NjMzQFNsa3ZpcUQ6amtqXmJmK2BeaWpgYTojNmBeNDZiMl9eMTZgY2FeY2EjZDVpaHFnbjRsYS0tZDBhc3M%3D&btag=80000200018000&dy_q=1765768569&feature_id=b1cb202f98cf51d95e455ae01e100ce9&l=202512151116085EB0C664C72D0680A7EE&ply_type=3&policy=eyJ2bSI6MywidWlkIjoiMzk1Nzg3Mjc3NDYxMjA3MSJ9,投放中,审核通过,--,1,--,0,0,0,0,0,0,0,0,0,0,0,0,0,0
	7579908317976805382,12月4日 (1).mp4,https://video-cn.oceanengine.com/b4cddbbd155995d25093a30661a31f30/6942208d/tos-cn-ve-51/oY8QpgqsHQmq05XhMEA8mmA2EtIsenBi4uUJPx?a=1402&ch=0&cr=0&dr=3&cd=0%7C1%7C0%7C0&cv=1&br=1792&bt=1792&cs=0&ds=3&ft=J9ThAGkHH_Myq8Z03l39e2NvjTQ&mime_type=video_mp4&qs=0&rc=NXZpTGRTaFBnKWxncmd5aHFsc3IxZGZmaGQ5aDo6ZjlkZ2Q7OmczQGlqPHhlaGtvdm03MzM0NjMzQFNsa3ZpcUQ6amtqXmJmK2BeaWpgYTojYDNjMC4uLzU1MWEvLmA2M2EjX2FgM3FnbnBsYS0tZDAwc3M%3D&btag=80000e00010000&dy_q=1765768569&feature_id=b1cb202f98cf51d95e455ae01e100ce9&l=202512151116085EB0C664C72D0680A7EE&ply_type=3&policy=eyJ2bSI6MywidWlkIjoiMzk1Nzg3Mjc3NDYxMjA3MSJ9,投放中,审核通过,首发,2,--,0,0,0,0,0,0,0,0,0,0,0,0,0,0
	7579905950867505158,你能给我一分钟的时间吗？我已经单身太久了，现在真的很想谈恋爱.mp4,https://video-cn.oceanengine.com/95cd9a8855764495c555c53d80619ff3/69422091/tos-cn-ve-51/okaxvAE5IIIT3BTDpNiz8i4QEzPoAVBQE12KJ?a=1402&ch=0&cr=0&dr=3&cd=0%7C0%7C0%7C0&br=1394&bt=1394&cs=0&ds=3&ft=J9ThAGkHH_Myq8Z03l39e2NvjTQ&mime_type=video_mp4&qs=0&rc=NXZpTGRTaFBnKWxncmd5aHFsc3IxZGY0M2U0OjNpOzZpN2k1OTplQGkzc2l0cDlyb203MzM0NjMzQFNsa3ZpcUQ6amtqXmJmK2BeaWpgYTojYTA0YGMzMl5fMS0yLi5gNGEjMjQtbzJka2xsYS0tZDBhc3M%3D&btag=80000200010000&dy_q=1765768569&feature_id=b1cb202f98cf51d95e455ae01e100ce9&l=202512151116085EB0C664C72D0680A7EE&ply_type=3&policy=eyJ2bSI6MywidWlkIjoiMzk1Nzg3Mjc3NDYxMjA3MSJ9,投放中,审核通过,--,1,--,0,0,0,0,0,0,0,0,0,0,0,0,0,0
	7579903971508486185,少女口播2.mp4,https://video-cn.oceanengine.com/ee1eeeaf7606ed4bf24a12831001bc47/6942208d/tos-cn-ve-51/ogLpTQD4pBOQsme9sEsTrAILDAixKMRgbNEr0e?a=1402&ch=0&cr=0&dr=3&cd=0%7C1%7C0%7C0&cv=1&br=1857&bt=1857&cs=0&ds=3&ft=J9ThAGkHH_Myq8Z03l39e2NvjTQ&mime_type=video_mp4&qs=0&rc=NXZpTGRTaFBnKWxncmd5aHFsc3IxZGY4aDU3OTY8ZjozNWhmaGZlQGlqZjh1O2tveW03MzM0NjMzQFNsa3ZpcUQ6amtqXmJmK2BeaWpgYTojLzMzYjUuLl5hMWMzMjQvY2EjMnFiL3FnL2hsYS0tZDAwc3M%3D&btag=80000e00010000&dy_q=1765768569&feature_id=b1cb202f98cf51d95e455ae01e100ce9&l=202512151116085EB0C664C72D0680A7EE&ply_type=3&policy=eyJ2bSI6MywidWlkIjoiMzk1Nzg3Mjc3NDYxMjA3MSJ9,投放中,审核通过,首发,2,--,0,0,0,0,0,0,0,0,0,0,0,0,0,0
	7579901334503751722,12月4日(1).mp4,https://video-cn.oceanengine.com/7e6eeab1e187653c2d4636b84356851b/6942208f/tos-cn-ve-51/oQfxR8QmqAIEdwMDQ4m0AEAGOsgm9BqHxJEEnB?a=1402&ch=0&cr=0&dr=3&cd=0%7C0%7C0%7C0&br=1660&bt=1660&cs=0&ds=3&ft=J9ThAGkHH_Myq8Z03l39e2NvjTQ&mime_type=video_mp4&qs=0&rc=NXZpTGRTaFBnKWxncmd5aHFsc3IxZGZkPGllNTM2aWlnaGQ1NGRlQGkzdnY7M2tvO203MzM0NjMzQFNsa3ZpcUQ6amtqXmJmK2BeaWpgYTojYmA2YGBgMzVfMWM1L2IxLmEjMGMwcHFnbmRsYS0tZDBhc3M%3D&btag=80000200010000&dy_q=1765768569&feature_id=b1cb202f98cf51d95e455ae01e100ce9&l=202512151116085EB0C664C72D0680A7EE&ply_type=3&policy=eyJ2bSI6MywidWlkIjoiMzk1Nzg3Mjc3NDYxMjA3MSJ9,投放中,审核通过,--,1,--,0,0,0,0,0,0,0,0,0,0,0,0,0,0
	7579897098209951763,车景+大哥你单身吗+你敢嘛现在就见面.mp4,https://video-cn.oceanengine.com/75eda2b09ac4088378deb44647aa1c4a/694220a2/tos-cn-ve-51/5e061ec67a6440048d8ba760d18fadc8?a=1402&ch=0&cr=0&dr=3&cd=0%7C0%7C0%7C0&br=1480&bt=1480&cs=0&ds=3&ft=J9ThAGkHH_Myq8Z03l39e2NvjTQ&mime_type=video_mp4&qs=0&rc=NXZpTGRTaFBnKWxncmd5aHFsc3IxZGY6ZGRlNTVkMzQ3ZTY5aWdoQGlqbG14bjlya203MzM0NjMzQFNsa3ZpcUQ6amtqXmJmK2BeaWpgYTojNTA2NV5gLV80MTZeYDRgYGEjbmtxbTJkYzVsYS0tZDAvc3M%3D&btag=80000200018000&dy_q=1765768569&feature_id=b1cb202f98cf51d95e455ae01e100ce9&l=202512151116085EB0C664C72D0680A7EE&ply_type=3&policy=eyJ2bSI6MywidWlkIjoiMzk1Nzg3Mjc3NDYxMjA3MSJ9,投放中,审核通过,--,1,--,0,0,0,0,0,0,0,0,0,0,0,0,0,0
	7579890220540837915,622456ee0aa74fd48bb505c94ac1598d,https://video-cn.oceanengine.com/5618e6e890a1aec1b3b493ed99146845/6942208c/tos-cn-ve-51/o8Agci499CfEmLxJumcCAAbBaaoIEhQqQ0Jj9s?a=1402&ch=0&cr=0&dr=3&cd=0%7C1%7C0%7C0&cv=1&br=1126&bt=1126&cs=0&ds=3&ft=J9ThAGkHH_Myq8Z03l39e2NvjTQ&mime_type=video_mp4&qs=0&rc=NXZpTGRTaFBnKWxncmd5aHFsc3IxZGY3ZmVmZTlpZzlmZDs2aDs0QGkzeWpuZ2tvNWw3MzM0NjMzQFNsa3ZpcUQ6amtqXmJmK2BeaWpgYTojMjEzNS1iNF4yMTEyMS8zYmEjLm9iM3FnXnBsYS0tZDAwc3M%3D&btag=80000e00010000&dy_q=1765768569&feature_id=b1cb202f98cf51d95e455ae01e100ce9&l=202512151116085EB0C664C72D0680A7EE&ply_type=3&policy=eyJ2bSI6MywidWlkIjoiMzk1Nzg3Mjc3NDYxMjA3MSJ9,投放中,审核通过,"首发,低效",2,--,0,0,0,0,0,0,0,0,0,0,0,0,0,0
	7579886530313076799,以后我结婚彩礼3000.mp4,https://video-cn.oceanengine.com/392804411b925854fcf855b0cb5239c0/69422086/tos-cn-ve-51/oIAVXAEjSC5HspB1zIjleAgfGBIEqYeAYbRhzi?a=1402&ch=0&cr=0&dr=3&cd=0%7C0%7C0%7C0&br=1329&bt=1329&cs=0&ds=3&ft=J9ThAGkHH_Myq8Z03l39e2NvjTQ&mime_type=video_mp4&qs=0&rc=NXZpTGRTaFBnKWxncmd5aHFsc3IxZGZnO2k4MzpoNDdnNTYzZzpnQGkzdTt3O2tvZmw3MzM0NjMzQFNsa3ZpcUQ6amtqXmJmK2BeaWpgYTojLWIyMF4xNF40MTE0MWEyLmEjLS1kc3FnXmlsYS0tZDAvc3M%3D&btag=80000200008000&dy_q=1765768569&feature_id=b1cb202f98cf51d95e455ae01e100ce9&l=202512151116085EB0C664C72D0680A7EE&ply_type=3&policy=eyJ2bSI6MywidWlkIjoiMzk1Nzg3Mjc3NDYxMjA3MSJ9,投放中,审核通过,--,2,--,0,0,0,0,0,0,0,0,0,0,0,0,0,0
	7579569965638025257,12月1日 (1)(3).mp4,https://video-cn.oceanengine.com/4dbfbef70928d591018704a3ed00645a/694220a9/tos-cn-ve-51/ocxDG8FMfID1AvQArBBgfJEQpwE4NE4ACH7AZB?a=1402&ch=0&cr=0&dr=3&cd=0%7C0%7C0%7C0&br=1180&bt=1180&cs=0&ds=3&ft=J9ThAGkHH_Myq8Z03l39e2NvjTQ&mime_type=video_mp4&qs=0&rc=NXZpTGRTaFBnKWxncmd5aHFsc3IxZGZoNGU7aTRnPDdoOTw1aTQ1QGlqeWo0cTlyajM3MzM0NjMzQFNsa3ZpcUQ6amtqXmJmK2BeaWpgYTojYDVfY2BgYTZeMWIuLTReX2EjLTM0aDJkNGlsYS0tZDAvc3M%3D&btag=80000e00020000&dy_q=1765768569&feature_id=b1cb202f98cf51d95e455ae01e100ce9&l=202512151116085EB0C664C72D0680A7EE&ply_type=3&policy=eyJ2bSI6MywidWlkIjoiMzk1Nzg3Mjc3NDYxMjA3MSJ9,投放中,审核通过,--,1,--,0,0,0,0,0,0,0,0,0,0,0,0,0,0
	7579569214803279878,12月1日 (1).mp4,https://video-cn.oceanengine.com/cd1ebc86145b1a0321fe612c0ebcef41/694220a4/tos-cn-ve-51/oEDcISIgN1AFeEAFwNNjqMfuKoDHABGEpQCpww?a=1402&ch=0&cr=0&dr=3&cd=0%7C0%7C0%7C0&br=1168&bt=1168&cs=0&ds=3&ft=J9ThAGkHH_Myq8Z03l39e2NvjTQ&mime_type=video_mp4&qs=0&rc=NXZpTGRTaFBnKWxncmd5aHFsc3IxZGY5OGc0Nzo8MzppZjtpOTtlQGkza3M4bzlyNzM3MzM0NjMzQFNsa3ZpcUQ6amtqXmJmK2BeaWpgYTojLzI0Ni81NTUwMTVjM19iNmEjczZtYDJka2hsYS0tZDBhc3M%3D&btag=80000e00018000&dy_q=1765768569&feature_id=b1cb202f98cf51d95e455ae01e100ce9&l=202512151116085EB0C664C72D0680A7EE&ply_type=3&policy=eyJ2bSI6MywidWlkIjoiMzk1Nzg3Mjc3NDYxMjA3MSJ9,未投放,审核通过,首发,0,--,0,0,0,0,0,0,0,0,0,0,0,0,0,0
	7579569143260184612,11月27日(3).mp4,https://video-cn.oceanengine.com/83d454c7b8f0d47e0fadfb563df2f52e/69422092/tos-cn-ve-51/72a20a526e314ec9989c7ab3bd69bc92?a=1402&ch=0&cr=0&dr=3&cd=0%7C0%7C0%7C0&br=1698&bt=1698&cs=0&ds=3&ft=J9ThAGkHH_Myq8Z03l39e2NvjTQ&mime_type=video_mp4&qs=0&rc=NXZpTGRTaFBnKWxncmd5aHFsc3IxZGZmO2k2OzU2M2k7aDc8aWY7QGkzeDN1Z2tvMzM3MzM0NjMzQFNsa3ZpcUQ6amtqXmJmK2BeaWpgYTojMzE1XzYxMTUzMS1jXy0vYmEjZjRuMHFnXmhsYS0tZDAwc3M%3D&btag=80000e00010000&dy_q=1765768569&feature_id=b1cb202f98cf51d95e455ae01e100ce9&l=202512151116085EB0C664C72D0680A7EE&ply_type=3&policy=eyJ2bSI6MywidWlkIjoiMzk1Nzg3Mjc3NDYxMjA3MSJ9,未投放,审核通过,--,0,--,0,0,0,0,0,0,0,0,0,0,0,0,0,0
	7579569106556338218,不是附近的人不会推荐给你.mp4,https://video-cn.oceanengine.com/816c06b334afbd1289d83e8703cbf9b3/69422092/tos-cn-ve-51/oMZB4sT4QfFAoTy9KH0mAQADIvwhwmEvA7Oojh?a=1402&ch=0&cr=0&dr=3&cd=0%7C0%7C0%7C0&br=1618&bt=1618&cs=0&ds=3&ft=J9ThAGkHH_Myq8Z03l39e2NvjTQ&mime_type=video_mp4&qs=0&rc=NXZpTGRTaFBnKWxncmd5aHFsc3IxZGY4ZGQ7NDU1ZThoZzM4NzMzQGlqeWt2NGtvdzM3MzM0NjMzQFNsa3ZpcUQ6amtqXmJmK2BeaWpgYTojYzIuXmE0YjZhMTBeXy0vMmEjNmYzb3FnZmdsYS0tZDAvc3M%3D&btag=80000e00010000&dy_q=1765768569&feature_id=b1cb202f98cf51d95e455ae01e100ce9&l=202512151116085EB0C664C72D0680A7EE&ply_type=3&policy=eyJ2bSI6MywidWlkIjoiMzk1Nzg3Mjc3NDYxMjA3MSJ9,投放中,审核通过,--,1,--,0,0,0,0,0,0,0,0,0,0,0,0,0,0
	7579568809859629097,11月27日 (1).mp4,https://video-cn.oceanengine.com/1d91c411776e4c577b871afe003ded23/6942208d/tos-cn-ve-51/oMr0mQ4GIgAsEASiqBAQEYc9eAwaQJNTvSbmhZ?a=1402&ch=0&cr=0&dr=3&cd=0%7C0%7C0%7C0&br=1816&bt=1816&cs=0&ds=3&ft=J9ThAGkHH_Myq8Z03l39e2NvjTQ&mime_type=video_mp4&qs=0&rc=NXZpTGRTaFBnKWxncmd5aHFsc3IxZGY1ODhkM2U5aTQ1NTllOTU0QGlqZ3J3PGtvZzM3MzM0NjMzQFNsa3ZpcUQ6amtqXmJmK2BeaWpgYTojNS8uXjEuMV8yMTI1YmJhMGEjMWBjM3FnXmdsYS0tZDAwc3M%3D&btag=80000e00010000&dy_q=1765768569&feature_id=b1cb202f98cf51d95e455ae01e100ce9&l=202512151116085EB0C664C72D0680A7EE&ply_type=3&policy=eyJ2bSI6MywidWlkIjoiMzk1Nzg3Mjc3NDYxMjA3MSJ9,投放中,审核通过,--,1,--,0,0,0,0,0,0,0,0,0,0,0,0,0,0
	7579555017473703977,哥哥你也在附近吗？像不像找人聊聊天.mp4,https://video-cn.oceanengine.com/51cb0d36f8283350deda5750d128f5c9/6942208c/tos-cn-ve-51/ok4twvK6QlbfpeFD5WoBASNksLEAAI4gNqYPON?a=1402&ch=0&cr=0&dr=3&cd=0%7C0%7C0%7C0&br=2185&bt=2185&cs=0&ds=3&ft=J9ThAGkHH_Myq8Z03l39e2NvjTQ&mime_type=video_mp4&qs=0&rc=NXZpTGRTaFBnKWxncmd5aHFsc3IxZGY7N2Y4NTtnNTxlZmY3OjhmQGkzdXB4O2tvPHk3MzM0NjMzQFNsa3ZpcUQ6amtqXmJmK2BeaWpgYTojMTQzLS1hXzZgMTVgY2NfM2EjZmgxanFnL25rYS0tZDBhc3M%3D&btag=80000e00010000&dy_q=1765768569&feature_id=b1cb202f98cf51d95e455ae01e100ce9&l=202512151116085EB0C664C72D0680A7EE&ply_type=3&policy=eyJ2bSI6MywidWlkIjoiMzk1Nzg3Mjc3NDYxMjA3MSJ9,未投放,审核通过,--,0,--,0,0,0,0,0,0,0,0,0,0,0,0,0,0
	7579554962582650886,哥哥你也在附近吗？想不想找人聊聊天.mp4,https://video-cn.oceanengine.com/228272dbcdd841d1d976b17ce25aca06/6942208c/tos-cn-ve-51/oMZWAXq4CIq2NKpDrUO80LhfwBOAts6NeQFPEg?a=1402&ch=0&cr=0&dr=3&cd=0%7C0%7C0%7C0&br=2225&bt=2225&cs=0&ds=3&ft=J9ThAGkHH_Myq8Z03l39e2NvjTQ&mime_type=video_mp4&qs=0&rc=NXZpTGRTaFBnKWxncmd5aHFsc3IxZGY8aWZlOWY8OjY1ZDQ0aTg3QGkzNHZvZGtvOnk3MzM0NjMzQFNsa3ZpcUQ6amtqXmJmK2BeaWpgYTojXzY2Yi4tYF8zMWAxYF8vY2EjcmlmaXFnbm5rYS0tZDAvc3M%3D&btag=80000200010000&dy_q=1765768569&feature_id=b1cb202f98cf51d95e455ae01e100ce9&l=202512151116085EB0C664C72D0680A7EE&ply_type=3&policy=eyJ2bSI6MywidWlkIjoiMzk1Nzg3Mjc3NDYxMjA3MSJ9,投放中,审核通过,--,1,--,0,0,0,0,0,0,0,0,0,0,0,0,0,0
	7579518537993011219,想不想找个美女+方便吗就在这里.mp4,https://video-cn.oceanengine.com/31eca5f8bb6a83cee6cb32bde30d3470/69422098/tos-cn-ve-51/oMQyI0FPZ5D6oNpvAQDAEvLeNWpg4BIDF9E4fW?a=1402&ch=0&cr=0&dr=3&cd=0%7C0%7C0%7C0&br=1403&bt=1403&cs=0&ds=3&ft=J9ThAGkHH_Myq8Z03l39e2NvjTQ&mime_type=video_mp4&qs=0&rc=NXZpTGRTaFBnKWxncmd5aHFsc3IxZGY7ZjdkNzhoPDxnOmVnZzs1QGkzZzZoeDlyeHc3MzM0NjMzQFNsa3ZpcUQ6amtqXmJmK2BeaWpgYTojMl40NWFiMDUyMTYtXl82Y2EjbjFjXzJka2trYS0tZDAwc3M%3D&btag=80000e00018000&dy_q=1765768569&feature_id=b1cb202f98cf51d95e455ae01e100ce9&l=202512151116085EB0C664C72D0680A7EE&ply_type=3&policy=eyJ2bSI6MywidWlkIjoiMzk1Nzg3Mjc3NDYxMjA3MSJ9,投放中,审核通过,首发,1,--,0,0,0,0,0,0,0,0,0,0,0,0,0,0
	